title,year
Sunset Boulevard,1950
Rear Window,1954
On the Waterfront,1954
Touch of Evil,1958
Vertigo,1958
Some Like It Hot,1959
The Apartment,1960
Psycho,1960
To Kill a Mockingbird,1962
The Graduate,1967
The Godfather,1972
Chinatown,1974
Taxi Driver,1976
Annie Hall,1977
Blade Runner,1982
Do the Right Thing,1989
Unforgiven,1992
Fargo,1996
The Ladykillers,1955
The Bridge on the River Kwai,1957
Room at the Top,1959
Saturday Night and Sunday Morning,1960
Lawrence of Arabia,1962
Dr. Strangelove,1964
Blow-Up,1966
If....,1968
Kes,1969
Don't Look Now,1973
The Remains of the Day,1993
Trainspotting,1996
Secrets & Lies,1996
Breathless,1960
La Dolce Vita,1960
Jules and Jim,1962
8½,1963
Persona,1966
Le Samouraï,1967
The Conformist,1970
Ali: Fear Eats the Soul,1974
Wings of Desire,1987
Women on the Verge of a Nervous Breakdown,1988
Three Colours: Blue,1993
Amélie,2001
Turkish Delight,1973
Keetje Tippel,1975
Soldier of Orange,1977
Spetters,1980
The Fourth Man,1983
The Assault,1986
Antonia's Line,1995
Character,1997
Black Book,2006
